,residues,pro_ave
0,"253:A,108:A,113:A,110:A,249:A,246:A,233:A,250:A,218:A,114:A,111:A,219:A,229:A,495:A,257:A,254:A,217:A,489:A,492:A,491:A,216:A",0.8635584069443489
1,"38:A,509:A,39:A,427:A,37:A,426:A,508:A,512:A,507:A,58:A,59:A,41:A,248:A,33:A,251:A,252:A,255:A,63:A,506:A,40:A,34:A",0.505996500014969
6,"354:A,438:A,439:A,442:A,446:A,455:A,325:A,473:A,443:A,457:A,469:A,470:A,327:A",0.4407247099585493
4,"266:A,265:A,269:A,79:A,264:A,263:A,283:A,281:A,262:A,71:A,76:A,80:A,84:A,83:A,72:A,73:A,502:A,282:A,501:A,463:A,461:A,306:A,279:A,331:A,278:A,460:A",0.33974134218498453
2,"298:A,299:A,294:A,301:A,300:A,340:A,276:A,302:A,336:A,339:A,343:A,382:A,381:A,380:A,347:A,346:A,383:A,405:A,293:A,292:A",0.33264535140525886
3,"62:A,59:A,61:A,366:A,362:A,361:A,465:A,425:A,426:A,57:A,364:A,64:A,70:A,58:A",0.3173466219564977
11,"474:A,496:A,493:A,497:A,312:A,492:A,478:A,489:A,487:A,475:A,310:A,500:A",0.3123819633084808
12,"3:A,1:A,6:A,101:A,2:A,78:A,82:A,79:A,29:A,75:A,259:A,4:A,262:A,83:A",0.31210186918212324
7,"33:A,34:A,248:A,238:A,9:A,10:A,245:A,244:A,236:A,237:A,35:A,11:A",0.27896357482367673
9,"451:A,452:A,325:A,449:A,450:A,447:A,443:A,481:A,446:A,477:A",0.26264666066739545
5,"19:A,177:A,15:A,105:A,10:A,104:A,8:A,106:A,23:A,103:A,188:A,5:A,192:A,189:A",0.25928912311192553
10,"280:A,69:A,281:A,70:A,279:A,68:A,64:A",0.2578017015595173
14,"218:A,125:A,232:A,129:A,128:A,121:A,216:A,217:A,114:A,221:A,220:A,229:A",0.24812128400479555
8,"2:A,195:A,3:A,260:A,110:A,191:A,5:A,1:A,192:A,256:A,257:A,109:A,198:A",0.23174031206791956
15,"304:A,276:A,337:A,305:A,340:A,306:A,331:A,330:A,333:A,341:A",0.22013705867816807
20,"477:A,325:A,478:A,312:A,481:A,474:A,327:A,482:A,311:A",0.219355667091786
17,"258:A,72:A,503:A,498:A,506:A,255:A,73:A,63:A,505:A,261:A,495:A,285:A,502:A",0.17594642061669608
21,"524:A,528:A,525:A,437:A,440:A,436:A,521:A,520:A,433:A",0.16223074450679603
22,"513:A,430:A,432:A,429:A,516:A,428:A,512:A,509:A",0.14154292421462283
19,"131:A,214:A,134:A,217:A,216:A,215:A,111:A,492:A,220:A,129:A,130:A,128:A",0.13833351232093777
18,"272:A,300:A,270:A,302:A,276:A,273:A,303:A,267:A",0.10738901580274571
16,"146:A,172:A,147:A,171:A,143:A,140:A,148:A,173:A",0.1070984648301488
13,"99:A,97:A,26:A,27:A,47:A,95:A,48:A,46:A,96:A,45:A",0.10151136494602601
